ID,Title,Link
1955400108,Reverse Integer,https://leetcode.com/problems/reverse-integer/
1954968650,Intersection of Two Arrays II,https://leetcode.com/problems/intersection-of-two-arrays-ii/
1954945779,Happy Number,https://leetcode.com/problems/happy-number/
1954693662,Contains Duplicate,https://leetcode.com/problems/contains-duplicate/
1954693408,Valid Anagram,https://leetcode.com/problems/valid-anagram/
1954521389,Minimum Operations to Make Array Values Equal to K,https://leetcode.com/problems/minimum-operations-to-make-array-values-equal-to-k/
1953728200,Find the Minimum and Maximum Number of Nodes Between Critical Points,https://leetcode.com/problems/find-the-minimum-and-maximum-number-of-nodes-between-critical-points/
1953308059,Odd Even Linked List,https://leetcode.com/problems/odd-even-linked-list/
1953288094,Rotate List,https://leetcode.com/problems/rotate-list/
1952637792,Swap Nodes in Pairs,https://leetcode.com/problems/swap-nodes-in-pairs/
1952435605,Remove Nth Node From End of List,https://leetcode.com/problems/remove-nth-node-from-end-of-list/
1952416846,Convert Binary Number in a Linked List to Integer,https://leetcode.com/problems/convert-binary-number-in-a-linked-list-to-integer/
1952323546,Intersection of Two Linked Lists,https://leetcode.com/problems/intersection-of-two-linked-lists/
1951426454,Palindrome Linked List,https://leetcode.com/problems/palindrome-linked-list/
1950796166,Intersection of Two Linked Lists,https://leetcode.com/problems/intersection-of-two-linked-lists/
1950651539,Remove Linked List Elements,https://leetcode.com/problems/remove-linked-list-elements/
1950639577,Remove Duplicates from Sorted List,https://leetcode.com/problems/remove-duplicates-from-sorted-list/
1950639497,Remove Linked List Elements,https://leetcode.com/problems/remove-linked-list-elements/
1950633401,Remove Duplicates from Sorted List,https://leetcode.com/problems/remove-duplicates-from-sorted-list/
1950615616,Merge Two Sorted Lists,https://leetcode.com/problems/merge-two-sorted-lists/
